timestamp,trace_id,request_id,response_model,judging_model,response
2025-05-13T20:08:44.971571,aa8c3d7f-7c6f-49d9-ad2f-1c55b773ec40,unknown,claude-3-5-sonnet-20241022,claude-3-5-sonnet-20241022,"Com base nos dados fornecidos, seguem os insights sobre os grupos com maior consumo de créditos:

• O grupo de Customer Experience se destaca com o maior consumo: 208 créditos para apenas 16 reservas e 4 membros, indicando um uso intensivo por pessoa (média de 52 créditos/membro)

• HR apresenta o segundo maior consumo total com 255,4 créditos distribuídos em 59 reservas para 19 membros, sugerindo reservas de espaços mais caros ou por períodos mais longos

• Business Operations mostra consumo expressivo de 181 créditos em 36 reservas para 11 membros, representando uma média de 16,45 créditos por membro

Nota: O pacote atual já atingiu 97,03% de uso (5.821,8 de 6.000 créditos), com apenas 178,2 créditos disponíveis para os próximos meses, indicando necessidade urgente de gestão do consumo destes grupos."
2025-05-13T20:09:06.144451,fca27339-fd3c-44e3-ae92-c9811e4e0a37,req_cc515745d2828d4a41dca92b001b4189,o3-mini,claude-3-5-sonnet-20241022,"{
    ""scores"": {
        ""exatidão"": 3,
        ""relevância"": 6,
        ""clareza_formato"": 0,
        ""insight"": 5
    },
    ""nota_geral"": 35,
    ""critica"": ""A resposta contém informações relevantes, mas apresenta imprecisões, pois não classifica corretamente os grupos com maior consumo de créditos (por exemplo, HR tem maior consumo do que Customer Experience) e não utiliza o formato JSON exigido, prejudicando a clareza e a aderência ao pedido.""
}"
